{
    "cards": [{
      "date": "2012-2014",
      "title": "Chandigarh University",
      "description": "Etiam sit amet orci eget eros faucibus tincidunt Duisleo. Sed fringilla mauris sit amet nibh.Donec sodales sagittis magna."
    },
    {
        "date": "2012-2014",
        "title": "Taurian World School",
        "description": "Etiam sit amet orci eget eros faucibus tincidunt Duisleo. Sed fringilla mauris sit amet nibh.Donec sodales sagittis magna."
      }
      
  ]}
    
  