{
    "cards": [{
      "date": "2016-2018",
      "title": "Red Drifting",
      "description": "Etiam sit amet orci eget eros faucibus tincidunt. Duis leo. Sed fringilla mauris sit amet nibh. Donec sodales sagittis magna."
    },
    {
        "date": "2016-2018",
        "title": "Red Drifting",
        "description": "Etiam sit amet orci eget eros faucibus tincidunt. Duis leo. Sed fringilla mauris sit amet nibh. Donec sodales sagittis magna."
      }
      ,{
        "date": "2016-2018",
        "title": "Red Drifting",
        "description": "Etiam sit amet orci eget eros faucibus tincidunt. Duis leo. Sed fringilla mauris sit amet nibh. Donec sodales sagittis magna."
      },{
        "date": "2016-2018",
        "title": "Red Drifting",
        "description": "Etiam sit amet orci eget eros faucibus tincidunt. Duis leo. Sed fringilla mauris sit amet nibh. Donec sodales sagittis magna."
      },
      {
        "date": "2016-2018",
        "title": "Red Drifting",
        "description": "Etiam sit amet orci eget eros faucibus tincidunt. Duis leo. Sed fringilla mauris sit amet nibh. Donec sodales sagittis magna."
      },
      {
        "date": "2016-2018",
        "title": "Red Drifting",
        "description": "Etiam sit amet orci eget eros faucibus tincidunt. Duis leo. Sed fringilla mauris sit amet nibh. Donec sodales sagittis magna."
      }

  ]}
    
  